time,ticker,action,quantity,price
2025-01-03,AAPL,SELL,535.0,243.36
2025-01-03,MU,BUY,446.0,87.95
2025-01-03,NFLX,BUY,1053.0,89.31
2025-01-03,NVDA,BUY,456.0,140.01
2025-01-03,QQQ,SELL,267.0,513.35
2025-01-03,V,SELL,456.0,314.18
2025-01-06,AAPL,SELL,544.0,244.31
2025-01-06,MU,BUY,436.0,95.57
2025-01-06,NFLX,BUY,1073.0,88.88
2025-01-06,NVDA,BUY,424.0,148.59
2025-01-06,QQQ,SELL,259.0,524.02
2025-01-06,V,SELL,463.0,315.01
2025-01-07,MU,SELL,0.0,103.41
2025-01-07,AAPL,SELL,547.0,242.98
2025-01-07,AMD,BUY,472.0,130.51
2025-01-07,NFLX,BUY,1089.0,87.94
2025-01-07,NVDA,BUY,407.0,153.03
2025-01-07,QQQ,SELL,257.0,525.59
2025-01-07,V,SELL,470.0,312.89
2025-01-08,AMD,SELL,0.0,124.51
2025-01-08,AAPL,SELL,553.0,241.92
2025-01-08,NFLX,BUY,1108.0,88.0
2025-01-08,NVDA,BUY,400.0,142.58
2025-01-08,QQQ,SELL,255.0,515.08
2025-01-08,V,SELL,478.0,311.0
2025-01-08,WMT,BUY,1519.0,91.11
2025-01-10,WMT,SELL,0.0,92.49
2025-01-10,AAPL,SELL,560.0,240.01
2025-01-10,AMD,BUY,494.0,118.18
2025-01-10,NFLX,BUY,1129.0,86.64
2025-01-10,NVDA,BUY,407.0,137.45
2025-01-10,QQQ,SELL,259.0,511.48
2025-01-10,V,SELL,483.0,311.2
2025-01-13,QQQ,BUY,0.0,501.2
2025-01-13,AAPL,BUY,0.0,233.53
2025-01-13,AMD,BUY,504.0,115.28
2025-01-13,IVV,SELL,307.0,578.51
2025-01-13,NFLX,BUY,1071.0,83.15
2025-01-13,NVDA,BUY,418.0,129.99
2025-01-13,SPY,SELL,311.0,575.77
2025-01-13,V,SELL,480.0,305.0
2025-01-14,AMD,BUY,503.0,118.0
2025-01-14,IVV,SELL,311.0,587.14
2025-01-14,NFLX,BUY,1084.0,84.32
2025-01-14,NVDA,BUY,429.0,136.05
2025-01-14,SPY,SELL,316.0,584.36
2025-01-14,V,SELL,488.0,308.75
2025-01-15,NFLX,SELL,0.0,83.64
2025-01-15,AMD,BUY,516.0,117.55
2025-01-15,IVV,SELL,316.0,593.18
2025-01-15,NVDA,BUY,440.0,133.65
2025-01-15,SPY,SELL,320.0,590.33
2025-01-15,V,SELL,489.0,313.68
2025-01-15,WMT,BUY,1502.0,91.07
2025-01-16,WMT,SELL,0.0,91.5
2025-01-16,IVV,BUY,0.0,597.03
2025-01-16,SPY,BUY,0.0,594.17
2025-01-16,AMD,BUY,492.0,120.24
2025-01-16,DIA,SELL,435.0,432.09
2025-01-16,NFLX,BUY,1064.0,86.1
2025-01-16,NVDA,BUY,422.0,138.64
2025-01-16,QQQ,SELL,252.0,518.98
2025-01-16,V,SELL,453.0,315.75
2025-01-17,AMD,BUY,506.0,120.78
2025-01-17,DIA,SELL,442.0,434.54
2025-01-17,NFLX,BUY,1085.0,85.98
2025-01-17,NVDA,BUY,433.0,136.69
2025-01-17,QQQ,SELL,256.0,522.85
2025-01-17,V,SELL,459.0,317.5
2025-01-21,DIA,BUY,0.0,436.35
2025-01-21,AMD,BUY,492.0,122.39
2025-01-21,CSCO,SELL,2944.0,60.47
2025-01-21,NFLX,BUY,1063.0,86.35
2025-01-21,NVDA,BUY,419.0,139.16
2025-01-21,QQQ,SELL,249.0,524.48
2025-01-21,V,SELL,460.0,320.31
2025-01-22,AMD,SELL,0.0,123.08
2025-01-22,CSCO,BUY,0.0,61.04
2025-01-22,V,BUY,0.0,324.77
2025-01-22,IVV,SELL,294.0,608.9
2025-01-22,NFLX,BUY,1057.0,99.8
2025-01-22,NVDA,BUY,412.0,144.66
2025-01-22,QQQ,SELL,250.0,529.57
2025-01-22,SPY,SELL,296.0,605.92
2025-01-22,WMT,BUY,1525.0,93.77
2025-01-23,WMT,SELL,0.0,92.96
2025-01-23,QQQ,BUY,0.0,529.04
2025-01-23,AMD,BUY,495.0,121.43
2025-01-23,DIA,SELL,434.0,441.52
2025-01-23,IVV,SELL,295.0,608.77
2025-01-23,NFLX,BUY,709.0,95.78
2025-01-23,NVDA,BUY,386.0,145.05
2025-01-23,SPY,SELL,298.0,605.8
2025-01-24,AMD,SELL,0.0,124.55
2025-01-24,DIA,BUY,0.0,444.8
2025-01-24,IVV,SELL,297.0,612.75
2025-01-24,NFLX,BUY,683.0,98.44
2025-01-24,NVDA,BUY,392.0,148.37
2025-01-24,QQQ,SELL,251.0,533.02
2025-01-24,SPY,SELL,300.0,609.81
2025-01-24,WMT,BUY,1558.0,93.54
2025-01-27,WMT,SELL,0.0,95.9
2025-01-27,QQQ,BUY,0.0,511.0
2025-01-27,AMZN,BUY,391.0,226.21
2025-01-27,DIA,SELL,436.0,440.64
2025-01-27,IVV,SELL,301.0,597.67
2025-01-27,NFLX,BUY,696.0,97.11
2025-01-27,NVDA,BUY,401.0,124.8
2025-01-27,SPY,SELL,305.0,594.81
2025-01-28,AMZN,SELL,0.0,234.29
2025-01-28,IVV,BUY,0.0,603.53
2025-01-28,SPY,BUY,0.0,600.62
2025-01-28,AMD,BUY,508.0,115.18
2025-01-28,DIA,SELL,436.0,447.2
2025-01-28,GLD,SELL,671.0,254.23
2025-01-28,NFLX,BUY,709.0,96.67
2025-01-28,NVDA,BUY,312.0,121.81
2025-01-28,QQQ,SELL,242.0,515.22
2025-01-29,GLD,BUY,0.0,254.55
2025-01-29,AMD,BUY,520.0,115.77
2025-01-29,DIA,SELL,442.0,448.21
2025-01-29,NFLX,BUY,720.0,98.0
2025-01-29,NVDA,BUY,273.0,126.5
2025-01-29,QQQ,SELL,237.0,522.46
2025-01-29,SPY,SELL,297.0,603.72
2025-01-30,SPY,BUY,0.0,603.96
2025-01-30,AMD,BUY,502.0,118.53
2025-01-30,DIA,SELL,448.0,446.54
2025-01-30,GLD,SELL,678.0,257.2
2025-01-30,NFLX,BUY,726.0,98.68
2025-01-30,NVDA,BUY,285.0,123.1
2025-01-30,QQQ,SELL,241.0,523.71
2025-01-31,GLD,BUY,0.0,259.08
2025-01-31,AMD,BUY,501.0,119.14
2025-01-31,DIA,SELL,453.0,450.03
2025-01-31,NFLX,BUY,740.0,97.4
2025-01-31,NVDA,BUY,287.0,123.78
2025-01-31,QQQ,SELL,244.0,526.92
2025-01-31,SPY,SELL,303.0,607.5
2025-02-03,DIA,BUY,0.0,439.61
2025-02-03,AMD,BUY,516.0,113.88
2025-02-03,IVV,SELL,305.0,595.58
2025-02-03,NFLX,BUY,749.0,97.3
2025-02-03,NVDA,BUY,300.0,114.75
2025-02-03,QQQ,SELL,248.0,513.47
2025-02-03,SPY,SELL,308.0,592.67
2025-02-04,QQQ,BUY,0.0,518.63
2025-02-04,AMD,BUY,531.0,115.45
2025-02-04,DIA,SELL,462.0,444.23
2025-02-04,IVV,SELL,309.0,600.67
2025-02-04,NFLX,BUY,759.0,98.05
2025-02-04,NVDA,BUY,312.0,116.96
2025-02-04,SPY,SELL,311.0,597.83
2025-02-05,AMD,SELL,0.0,107.61
2025-02-05,AMZN,BUY,406.0,237.02
2025-02-05,DIA,SELL,467.0,445.72
2025-02-05,IVV,SELL,309.0,603.55
2025-02-05,NFLX,BUY,755.0,98.77
2025-02-05,NVDA,BUY,311.0,121.76
2025-02-05,SPY,SELL,311.0,600.64
2025-02-06,AMZN,SELL,0.0,238.01
2025-02-06,DIA,SELL,466.0,449.35
2025-02-06,IVV,SELL,312.0,608.9
2025-02-06,NFLX,BUY,751.0,100.79
2025-02-06,NVDA,BUY,292.0,127.42
2025-02-06,SPY,SELL,314.0,605.99
2025-02-06,WMT,BUY,1398.0,102.53
2025-02-07,DIA,SELL,473.0,447.78
2025-02-07,IVV,SELL,315.0,609.84
2025-02-07,NFLX,BUY,759.0,101.7
2025-02-07,NVDA,BUY,286.0,129.22
2025-02-07,SPY,SELL,317.0,606.89
2025-02-07,WMT,BUY,1415.0,103.0
2025-02-10,DIA,SELL,471.0,445.82
2025-02-10,IVV,SELL,316.0,606.98
2025-02-10,NFLX,BUY,771.0,102.31
2025-02-10,NVDA,BUY,287.0,130.09
2025-02-10,SPY,SELL,318.0,604.03
2025-02-10,WMT,BUY,1385.0,101.95
2025-02-11,WMT,SELL,0.0,102.62
2025-02-11,AMD,BUY,505.0,108.98
2025-02-11,DIA,SELL,475.0,443.34
2025-02-11,IVV,SELL,316.0,605.47
2025-02-11,NFLX,BUY,771.0,102.08
2025-02-11,NVDA,BUY,282.0,132.58
2025-02-11,SPY,SELL,318.0,602.55
2025-02-12,DIA,BUY,0.0,442.34
2025-02-12,AMD,BUY,510.0,109.52
2025-02-12,IVV,SELL,321.0,602.11
2025-02-12,NFLX,BUY,781.0,100.55
2025-02-12,NVDA,BUY,288.0,130.02
2025-02-12,QQQ,SELL,257.0,522.3
2025-02-12,SPY,SELL,323.0,599.2
2025-02-13,QQQ,BUY,0.0,529.98
2025-02-13,AMD,BUY,514.0,112.0
2025-02-13,DIA,SELL,486.0,445.33
2025-02-13,IVV,SELL,326.0,607.41
2025-02-13,NFLX,BUY,772.0,102.66
2025-02-13,NVDA,BUY,296.0,131.56
2025-02-13,SPY,SELL,328.0,604.48
2025-02-14,NVDA,SELL,0.0,136.48
2025-02-14,AMD,BUY,522.0,112.65
2025-02-14,DIA,SELL,481.0,447.1
2025-02-14,IVV,SELL,319.0,612.92
2025-02-14,NFLX,BUY,768.0,104.5
2025-02-14,SPY,SELL,322.0,609.94
2025-02-14,WMT,BUY,1348.0,105.3
2025-02-18,WMT,SELL,0.0,103.72
2025-02-18,AMD,BUY,521.0,114.05
2025-02-18,DIA,SELL,488.0,445.28
2025-02-18,IVV,SELL,324.0,613.86
2025-02-18,NFLX,BUY,766.0,106.0
2025-02-18,NVDA,BUY,284.0,141.27
2025-02-18,SPY,SELL,327.0,610.88
2025-02-19,AMD,BUY,522.0,114.25
2025-02-19,DIA,SELL,496.0,444.78
2025-02-19,IVV,SELL,328.0,613.09
2025-02-19,NFLX,BUY,773.0,103.52
2025-02-19,NVDA,BUY,287.0,139.51
2025-02-19,SPY,SELL,331.0,610.08
2025-02-20,AMD,BUY,528.0,115.01
2025-02-20,DIA,SELL,503.0,445.27
2025-02-20,IVV,SELL,333.0,614.53
2025-02-20,NFLX,BUY,779.0,104.2
2025-02-20,NVDA,BUY,292.0,140.03
2025-02-20,SPY,SELL,335.0,611.54
2025-02-21,DIA,BUY,0.0,439.1
2025-02-21,AMD,BUY,539.0,114.85
2025-02-21,IVV,SELL,337.0,613.14
2025-02-21,NFLX,BUY,790.0,102.94
2025-02-21,NVDA,BUY,295.0,140.04
2025-02-21,QQQ,SELL,270.0,538.38
2025-02-21,SPY,SELL,339.0,610.16
2025-02-24,NFLX,SELL,0.0,100.8
2025-02-24,AMD,BUY,554.0,111.49
2025-02-24,IVV,SELL,321.0,604.91
2025-02-24,NVDA,BUY,306.0,136.56
2025-02-24,QQQ,SELL,264.0,527.88
2025-02-24,SPY,SELL,323.0,602.02
2025-02-24,UNH,BUY,144.0,466.68
2025-02-25,AMD,BUY,571.0,107.89
2025-02-25,IVV,SELL,326.0,600.04
2025-02-25,NVDA,BUY,317.0,129.98
2025-02-25,QQQ,SELL,266.0,519.24
2025-02-25,SPY,SELL,328.0,597.15
2025-02-25,UNH,BUY,148.0,460.77
2025-02-26,AMD,BUY,586.0,104.95
2025-02-26,IVV,SELL,331.0,598.81
2025-02-26,NVDA,BUY,329.0,129.99
2025-02-26,QQQ,SELL,268.0,515.53
2025-02-26,SPY,SELL,333.0,595.93
2025-02-26,UNH,BUY,145.0,464.65
2025-02-27,AMD,BUY,589.0,105.08
2025-02-27,IVV,SELL,336.0,599.75
2025-02-27,NVDA,BUY,318.0,135.0
2025-02-27,QQQ,SELL,272.0,518.13
2025-02-27,SPY,SELL,338.0,596.85
2025-02-27,UNH,BUY,149.0,466.17
2025-02-28,AMD,BUY,599.0,99.56
2025-02-28,IVV,SELL,326.0,588.41
2025-02-28,NVDA,BUY,326.0,118.02
2025-02-28,QQQ,SELL,260.0,500.13
2025-02-28,SPY,SELL,328.0,585.56
2025-02-28,UNH,BUY,148.0,467.0
2025-03-03,AMD,BUY,605.0,101.52
2025-03-03,IVV,SELL,308.0,599.08
2025-03-03,NVDA,BUY,313.0,123.51
2025-03-03,QQQ,SELL,252.0,511.52
2025-03-03,SPY,SELL,310.0,596.18
2025-03-03,UNH,BUY,147.0,474.37
2025-03-04,QQQ,BUY,0.0,494.18
2025-03-04,AMD,BUY,623.0,96.0
2025-03-04,IVV,SELL,299.0,582.46
2025-03-04,NVDA,BUY,324.0,110.65
2025-03-04,PG,SELL,696.0,176.75
2025-03-04,SPY,SELL,301.0,579.71
2025-03-04,UNH,BUY,151.0,469.75
2025-03-05,IVV,BUY,0.0,579.43
2025-03-05,SPY,BUY,0.0,576.69
2025-03-05,AMD,BUY,603.0,100.36
2025-03-05,HYG,SELL,6616.0,79.45
2025-03-05,NVDA,BUY,322.0,117.58
2025-03-05,PG,SELL,702.0,173.38
2025-03-05,UNH,BUY,150.0,471.07
2025-03-05,XLF,SELL,2775.0,49.94
2025-03-06,XLF,BUY,0.0,49.62
2025-03-06,HYG,BUY,0.0,79.43
2025-03-06,AMD,BUY,604.0,99.05
2025-03-06,GLD,SELL,642.0,268.25
2025-03-06,NVDA,BUY,323.0,113.53
2025-03-06,PG,SELL,704.0,174.89
2025-03-06,SPY,SELL,296.0,575.48
2025-03-06,UNH,BUY,151.0,476.0
2025-03-07,NVDA,SELL,0.0,111.25
2025-03-07,SPY,BUY,0.0,570.9
2025-03-07,AMD,BUY,623.0,98.88
2025-03-07,GLD,SELL,650.0,269.09
2025-03-07,PG,SELL,715.0,174.09
2025-03-07,UNH,BUY,147.0,483.83
2025-03-07,WMT,BUY,942.0,93.94
2025-03-07,XLF,SELL,2788.0,49.2
2025-03-10,WMT,SELL,0.0,89.76
2025-03-10,AMD,BUY,618.0,98.57
2025-03-10,GLD,SELL,660.0,267.62
2025-03-10,NFLX,BUY,727.0,87.51
2025-03-10,PG,SELL,718.0,176.76
2025-03-10,UNH,BUY,146.0,492.28
2025-03-10,XLF,SELL,2839.0,48.29
2025-03-11,XLF,BUY,0.0,47.95
2025-03-11,AMD,BUY,635.0,96.79
2025-03-11,GLD,SELL,663.0,268.47
2025-03-11,NFLX,BUY,745.0,86.74
2025-03-11,PG,SELL,728.0,175.83
2025-03-11,UNH,BUY,149.0,482.5
2025-03-11,V,SELL,408.0,338.41
2025-03-12,AMD,BUY,644.0,99.05
2025-03-12,GLD,SELL,651.0,268.47
2025-03-12,NFLX,BUY,711.0,91.46
2025-03-12,PG,SELL,725.0,169.7
2025-03-12,UNH,BUY,149.0,483.14
2025-03-12,V,SELL,388.0,335.97
2025-03-13,AMD,BUY,597.0,99.72
2025-03-13,GLD,SELL,657.0,271.57
2025-03-13,NFLX,BUY,689.0,91.3
2025-03-13,PG,SELL,702.0,167.7
2025-03-13,UNH,BUY,153.0,479.45
2025-03-13,V,SELL,394.0,330.99
2025-03-14,V,BUY,0.0,327.21
2025-03-14,AMD,BUY,616.0,99.64
2025-03-14,GLD,SELL,624.0,276.27
2025-03-14,HYG,SELL,6571.0,78.83
2025-03-14,NFLX,BUY,705.0,90.15
2025-03-14,PG,SELL,712.0,167.79
2025-03-14,UNH,BUY,155.0,481.0
2025-03-17,AMD,BUY,592.0,102.6
2025-03-17,GLD,SELL,634.0,275.54
2025-03-17,HYG,SELL,6385.0,78.89
2025-03-17,NFLX,BUY,677.0,94.0
2025-03-17,PG,SELL,726.0,168.37
2025-03-17,UNH,BUY,154.0,487.51
2025-03-18,UNH,SELL,0.0,502.24
2025-03-18,AMD,BUY,562.0,103.85
2025-03-18,GLD,SELL,639.0,279.9
2025-03-18,HYG,SELL,6401.0,79.01
2025-03-18,NFLX,BUY,646.0,94.0
2025-03-18,PG,SELL,721.0,170.07
2025-03-18,WMT,BUY,940.0,87.44
2025-03-19,WMT,SELL,0.0,85.95
2025-03-19,HYG,BUY,0.0,78.96
2025-03-19,AMD,BUY,576.0,104.42
2025-03-19,CVX,SELL,691.0,160.97
2025-03-19,GLD,SELL,630.0,279.85
2025-03-19,MSFT,BUY,259.0,385.53
2025-03-19,NFLX,BUY,662.0,93.58
2025-03-19,PG,SELL,732.0,167.87
2025-03-20,MSFT,SELL,0.0,385.74
2025-03-20,GLD,BUY,0.0,279.49
2025-03-20,AMD,BUY,560.0,105.12
2025-03-20,CVX,SELL,670.0,163.13
2025-03-20,NFLX,BUY,637.0,95.0
2025-03-20,PG,SELL,737.0,168.89
2025-03-20,V,SELL,392.0,339.0
2025-03-20,WMT,BUY,962.0,85.81
2025-03-21,AMD,BUY,562.0,105.33
2025-03-21,CVX,SELL,678.0,164.49
2025-03-21,NFLX,BUY,652.0,94.16
2025-03-21,PG,SELL,751.0,167.14
2025-03-21,V,SELL,399.0,337.37
2025-03-21,WMT,BUY,983.0,85.28
2025-03-24,V,BUY,0.0,338.65
2025-03-24,AMD,BUY,575.0,109.73
2025-03-24,CVX,SELL,688.0,164.69
2025-03-24,GLD,SELL,648.0,278.91
2025-03-24,NFLX,BUY,655.0,96.97
2025-03-24,PG,SELL,765.0,166.43
2025-03-24,WMT,BUY,996.0,86.47
2025-03-25,PG,BUY,0.0,165.3
2025-03-25,AMD,BUY,492.0,113.27
2025-03-25,CVX,SELL,698.0,166.08
2025-03-25,GLD,SELL,655.0,278.78
2025-03-25,NFLX,BUY,655.0,97.82
2025-03-25,WMT,BUY,977.0,86.76
2025-03-25,XLF,SELL,2732.0,50.33
2025-03-26,WMT,SELL,0.0,85.19
2025-03-26,AMD,BUY,496.0,114.11
2025-03-26,CVX,SELL,704.0,167.37
2025-03-26,GLD,SELL,662.0,278.93
2025-03-26,NFLX,BUY,639.0,99.38
2025-03-26,UNH,BUY,157.0,515.2
2025-03-26,XLF,SELL,2751.0,50.58
2025-03-27,UNH,SELL,0.0,516.29
2025-03-27,CVX,BUY,0.0,167.25
2025-03-27,AMD,BUY,507.0,106.11
2025-03-27,GLD,SELL,672.0,280.55
2025-03-27,NFLX,BUY,653.0,97.42
2025-03-27,V,SELL,387.0,344.0
2025-03-27,WMT,BUY,991.0,84.78
2025-03-27,XLF,SELL,2799.0,50.19
2025-03-28,V,BUY,0.0,349.19
2025-03-28,GLD,BUY,0.0,283.82
2025-03-28,AMD,BUY,521.0,105.53
2025-03-28,CVX,SELL,711.0,166.7
2025-03-28,NFLX,BUY,659.0,97.2
2025-03-28,PG,SELL,726.0,169.38
2025-03-28,WMT,BUY,1000.0,85.43
2025-03-28,XLF,SELL,2848.0,50.03
2025-03-31,AMD,BUY,537.0,100.24
2025-03-31,CVX,SELL,723.0,166.19
2025-03-31,NFLX,BUY,663.0,92.05
2025-03-31,PG,SELL,740.0,168.1
2025-03-31,WMT,BUY,1021.0,84.76
2025-03-31,XLF,SELL,2810.0,48.72
2025-04-01,WMT,SELL,0.0,87.54
2025-04-01,XLF,BUY,0.0,49.62
2025-04-01,AMD,BUY,548.0,102.16
2025-04-01,CVX,SELL,727.0,167.29
2025-04-01,DIA,SELL,403.0,418.41
2025-04-01,MU,BUY,462.0,88.53
2025-04-01,NFLX,BUY,675.0,92.75
2025-04-01,PG,SELL,727.0,170.57
2025-04-02,MU,SELL,0.0,87.13
2025-04-02,DIA,BUY,0.0,416.37
2025-04-02,AMD,BUY,557.0,101.52
2025-04-02,CVX,SELL,732.0,167.4
2025-04-02,GLD,SELL,645.0,288.28
2025-04-02,NFLX,BUY,688.0,92.3
2025-04-02,PG,SELL,738.0,170.07
2025-04-02,WMT,BUY,954.0,88.2
2025-04-03,PG,BUY,0.0,174.23
2025-04-03,AMD,BUY,564.0,97.79
2025-04-03,CVX,SELL,738.0,160.12
2025-04-03,GLD,SELL,654.0,282.78
2025-04-03,NFLX,BUY,693.0,90.18
2025-04-03,WMT,BUY,954.0,86.28
2025-04-03,XLF,SELL,2814.0,48.2
2025-04-04,WMT,SELL,0.0,85.64
2025-04-04,XLF,BUY,0.0,46.07
2025-04-04,AMD,BUY,541.0,90.1
2025-04-04,CVX,SELL,590.0,151.76
2025-04-04,GLD,SELL,658.0,283.64
2025-04-04,MU,BUY,438.0,70.65
2025-04-04,NFLX,BUY,711.0,89.65
2025-04-04,PG,SELL,729.0,171.77
2025-04-07,NFLX,SELL,0.0,82.79
2025-04-07,CVX,BUY,0.0,138.73
2025-04-07,PG,BUY,0.0,163.66
2025-04-07,AMD,BUY,541.0,80.68
2025-04-07,GLD,SELL,599.0,278.86
2025-04-07,MU,BUY,461.0,63.94
2025-04-07,PFE,BUY,4243.0,22.14
2025-04-07,TLT,SELL,2144.0,91.88
2025-04-07,V,SELL,264.0,302.07
2025-04-08,TLT,BUY,0.0,89.28
2025-04-08,AMD,BUY,561.0,86.15
2025-04-08,GLD,SELL,570.0,277.87
2025-04-08,MU,BUY,432.0,71.6
2025-04-08,PFE,BUY,4343.0,22.9
2025-04-08,PG,SELL,633.0,162.31
2025-04-08,V,SELL,269.0,322.24
2025-04-09,PFE,SELL,0.0,21.11
2025-04-09,AMD,BUY,582.0,79.22
2025-04-09,GLD,SELL,574.0,282.22
2025-04-09,MU,BUY,455.0,66.2
2025-04-09,NVDA,BUY,413.0,98.89
2025-04-09,PG,SELL,646.0,157.36
2025-04-09,V,SELL,276.0,305.64
2025-04-10,NVDA,SELL,0.0,109.37
2025-04-10,V,BUY,0.0,328.02
2025-04-10,PG,BUY,0.0,162.9
2025-04-10,AMD,BUY,313.0,91.0
2025-04-10,GLD,SELL,475.0,288.81
2025-04-10,JPM,SELL,240.0,230.0
2025-04-10,MU,BUY,331.0,72.5
2025-04-10,PFE,BUY,3998.0,22.26
2025-04-10,XLF,SELL,1475.0,46.53
2025-04-11,PFE,SELL,0.0,21.59
2025-04-11,XLF,BUY,0.0,45.6
2025-04-11,JPM,BUY,0.0,226.31
2025-04-11,AMD,BUY,333.0,90.51
2025-04-11,GLD,SELL,446.0,297.96
2025-04-11,MU,BUY,359.0,69.04
2025-04-11,NVDA,BUY,291.0,108.5
2025-04-11,PG,SELL,615.0,163.37
2025-04-11,V,SELL,213.0,324.43
2025-04-14,NVDA,SELL,0.0,114.11
2025-04-14,V,BUY,0.0,336.41
2025-04-14,GLD,BUY,0.0,295.54
2025-04-14,AMD,BUY,316.0,97.11
2025-04-14,DIA,SELL,197.0,407.48
2025-04-14,MU,BUY,367.0,74.67
2025-04-14,PFE,BUY,3896.0,22.08
2025-04-14,PG,SELL,595.0,167.04
2025-04-14,XLF,SELL,1491.0,47.35
2025-04-15,PFE,SELL,0.0,22.17
2025-04-15,DIA,BUY,0.0,405.79
2025-04-15,AMD,BUY,317.0,94.66
2025-04-15,JPM,SELL,239.0,236.1
2025-04-15,MU,BUY,364.0,71.12
2025-04-15,PG,SELL,590.0,169.14
2025-04-15,WMT,BUY,660.0,94.82
2025-04-15,XLF,SELL,1493.0,47.42
2025-04-16,WMT,SELL,0.0,94.0
2025-04-16,JPM,BUY,0.0,232.0
2025-04-16,AMD,BUY,319.0,87.61
2025-04-16,GLD,SELL,442.0,304.65
2025-04-16,MU,BUY,370.0,67.93
2025-04-16,PFE,BUY,3829.0,22.49
2025-04-16,PG,SELL,601.0,169.29
2025-04-16,XLF,SELL,1513.0,47.17
2025-04-17,PFE,SELL,0.0,22.15
2025-04-17,XLF,BUY,0.0,46.5
2025-04-17,GLD,BUY,0.0,306.31
2025-04-17,AMD,BUY,339.0,88.84
2025-04-17,JPM,SELL,251.0,230.8
2025-04-17,MU,BUY,384.0,70.44
2025-04-17,NVDA,BUY,307.0,104.45
2025-04-17,PG,SELL,612.0,167.53
2025-04-17,V,SELL,215.0,331.07
2025-04-21,AMD,BUY,348.0,86.02
2025-04-21,JPM,SELL,252.0,230.63
2025-04-21,MU,BUY,394.0,67.76
2025-04-21,NVDA,BUY,319.0,98.77
2025-04-21,PG,SELL,582.0,169.89
2025-04-21,V,SELL,220.0,329.0
2025-04-22,NVDA,SELL,0.0,98.78
2025-04-22,JPM,BUY,0.0,231.98
2025-04-22,AMD,BUY,361.0,86.12
2025-04-22,MU,BUY,411.0,67.54
2025-04-22,NFLX,BUY,562.0,100.53
2025-04-22,PG,SELL,578.0,165.86
2025-04-22,V,SELL,224.0,323.86
2025-04-22,XLF,SELL,1608.0,46.34
2025-04-23,XLF,BUY,0.0,48.04
2025-04-23,AMD,BUY,363.0,91.88
2025-04-23,JPM,SELL,250.0,240.22
2025-04-23,MU,BUY,391.0,73.69
2025-04-23,NFLX,BUY,518.0,104.72
2025-04-23,PG,SELL,574.0,166.4
2025-04-23,V,SELL,211.0,337.24
2025-04-24,JPM,BUY,0.0,239.74
2025-04-24,PG,BUY,0.0,160.5
2025-04-24,AMD,BUY,346.0,91.59
2025-04-24,GLD,SELL,365.0,306.98
2025-04-24,MU,BUY,379.0,74.57
2025-04-24,NFLX,BUY,521.0,104.8
2025-04-24,V,SELL,212.0,333.28
2025-04-24,XLF,SELL,1518.0,47.55
2025-04-25,GLD,BUY,0.0,301.78
2025-04-25,AMD,BUY,331.0,93.28
2025-04-25,JPM,SELL,244.0,244.65
2025-04-25,MU,BUY,355.0,77.55
2025-04-25,NFLX,BUY,491.0,109.7
2025-04-25,V,SELL,214.0,334.76
2025-04-25,XLF,SELL,1519.0,48.01
2025-04-28,AMD,BUY,328.0,95.58
2025-04-28,JPM,SELL,249.0,244.56
2025-04-28,MU,BUY,348.0,78.77
2025-04-28,NFLX,BUY,497.0,110.0
2025-04-28,V,SELL,218.0,336.78
2025-04-28,XLF,SELL,1549.0,48.22
2025-04-29,AMD,BUY,334.0,95.76
2025-04-29,JPM,SELL,254.0,242.19
2025-04-29,MU,BUY,359.0,77.94
2025-04-29,NFLX,BUY,501.0,110.39
2025-04-29,V,SELL,220.0,338.5
2025-04-29,XLF,SELL,1568.0,48.18
2025-04-30,AMD,BUY,341.0,92.81
2025-04-30,JPM,SELL,256.0,241.21
2025-04-30,MU,BUY,372.0,73.62
2025-04-30,NFLX,BUY,501.0,111.27
2025-04-30,V,SELL,219.0,334.44
2025-04-30,XLF,SELL,1571.0,48.15
2025-05-01,AMD,BUY,341.0,99.27
2025-05-01,JPM,SELL,260.0,242.84
2025-05-01,MU,BUY,378.0,79.4
2025-05-01,NFLX,BUY,506.0,112.25
2025-05-01,V,SELL,220.0,345.58
2025-05-01,XLF,SELL,1593.0,48.58
2025-05-02,V,BUY,0.0,347.22
2025-05-02,AMD,BUY,349.0,98.4
2025-05-02,GLD,SELL,370.0,300.17
2025-05-02,JPM,SELL,261.0,251.26
2025-05-02,MU,BUY,379.0,79.58
2025-05-02,NFLX,BUY,514.0,113.67
2025-05-02,XLF,SELL,1619.0,49.49
2025-05-05,MU,SELL,0.0,79.41
2025-05-05,GLD,BUY,0.0,305.92
2025-05-05,AMD,BUY,345.0,99.0
2025-05-05,CSCO,SELL,1260.0,59.0
2025-05-05,JPM,SELL,256.0,251.18
2025-05-05,NFLX,BUY,509.0,111.48
2025-05-05,UNH,BUY,90.0,399.12
2025-05-05,XLF,SELL,1585.0,49.34
2025-05-06,UNH,SELL,0.0,402.8
2025-05-06,JPM,BUY,0.0,250.0
2025-05-06,AMD,BUY,344.0,98.41
2025-05-06,CSCO,SELL,1280.0,58.63
2025-05-06,NFLX,BUY,520.0,112.94
2025-05-06,V,SELL,226.0,346.4
2025-05-06,WMT,BUY,732.0,98.74
2025-05-06,XLF,SELL,1618.0,49.0
2025-05-07,V,BUY,0.0,348.7
2025-05-07,AMD,BUY,355.0,100.75
2025-05-07,CSCO,SELL,1303.0,59.2
2025-05-07,HYG,SELL,3331.0,78.56
2025-05-07,NFLX,BUY,527.0,113.92
2025-05-07,WMT,BUY,747.0,98.55
2025-05-07,XLF,SELL,1650.0,49.32
2025-05-08,WMT,SELL,0.0,98.75
2025-05-08,AMD,BUY,353.0,101.92
2025-05-08,CSCO,SELL,1314.0,59.96
2025-05-08,HYG,SELL,3380.0,78.67
2025-05-08,NFLX,BUY,526.0,116.16
2025-05-08,UNH,BUY,96.0,390.0
2025-05-08,XLF,SELL,1665.0,49.84
2025-05-09,AMD,BUY,354.0,102.59
2025-05-09,CSCO,SELL,1332.0,60.66
2025-05-09,HYG,SELL,3435.0,78.59
2025-05-09,NFLX,BUY,536.0,114.71
2025-05-09,UNH,BUY,99.0,385.67
2025-05-09,XLF,SELL,1673.0,49.96
2025-05-12,HYG,BUY,0.0,79.24
2025-05-12,AMD,BUY,355.0,110.42
2025-05-12,CSCO,SELL,1352.0,61.61
2025-05-12,NFLX,BUY,546.0,112.43
2025-05-12,UNH,BUY,102.0,381.0
2025-05-12,V,SELL,237.0,359.14
2025-05-12,XLF,SELL,1700.0,51.11
2025-05-13,XLF,BUY,0.0,51.0
2025-05-13,AMD,BUY,336.0,109.6
2025-05-13,CSCO,SELL,1281.0,61.68
2025-05-13,GLD,SELL,330.0,299.02
2025-05-13,NFLX,BUY,557.0,111.45
2025-05-13,UNH,BUY,104.0,335.74
2025-05-13,V,SELL,238.0,355.52
2025-05-14,AMD,SELL,0.0,119.83
2025-05-14,CSCO,BUY,0.0,61.63
2025-05-14,GLD,SELL,334.0,293.67
2025-05-14,NFLX,BUY,545.0,112.96
2025-05-14,NVDA,BUY,288.0,133.2
2025-05-14,UNH,BUY,98.0,321.45
2025-05-14,V,SELL,242.0,356.67
2025-05-14,XLF,SELL,1683.0,51.11
2025-05-15,GLD,SELL,336.0,294.1
2025-05-15,NFLX,BUY,547.0,114.77
2025-05-15,NVDA,BUY,278.0,134.29
2025-05-15,UNH,BUY,101.0,274.9
2025-05-15,V,SELL,245.0,356.89
2025-05-15,XLF,SELL,1714.0,50.87
2025-05-16,GLD,SELL,331.0,292.62
2025-05-16,NFLX,BUY,538.0,119.31
2025-05-16,NVDA,BUY,283.0,136.22
2025-05-16,UNH,BUY,108.0,279.29
2025-05-16,V,SELL,243.0,362.95
2025-05-16,XLF,SELL,1727.0,51.27
2025-05-19,XLF,BUY,0.0,51.32
2025-05-19,GLD,SELL,337.0,297.85
2025-05-19,HYG,SELL,3534.0,79.06
2025-05-19,NFLX,BUY,540.0,117.36
2025-05-19,NVDA,BUY,286.0,132.39
2025-05-19,UNH,BUY,100.0,304.77
2025-05-19,V,SELL,244.0,363.02
2025-05-20,NVDA,SELL,0.0,134.29
2025-05-20,HYG,BUY,0.0,79.27
2025-05-20,AMD,BUY,329.0,114.35
2025-05-20,GLD,SELL,335.0,298.35
2025-05-20,NFLX,BUY,548.0,118.68
2025-05-20,UNH,BUY,90.0,320.92
2025-05-20,V,SELL,246.0,367.78
2025-05-20,XLF,SELL,1769.0,51.38
2025-05-21,V,BUY,0.0,363.72
2025-05-21,GLD,BUY,0.0,304.55
2025-05-21,AMD,BUY,338.0,113.85
2025-05-21,IVV,SELL,146.0,591.24
2025-05-21,NFLX,BUY,557.0,118.65
2025-05-21,SPY,SELL,140.0,588.44
2025-05-21,UNH,BUY,89.0,301.0
2025-05-21,XLF,SELL,1803.0,51.02
2025-05-22,SPY,BUY,0.0,582.66
2025-05-22,AMD,BUY,347.0,111.9
2025-05-22,IVV,SELL,149.0,585.45
2025-05-22,NFLX,BUY,564.0,119.24
2025-05-22,UNH,BUY,95.0,293.89
2025-05-22,V,SELL,251.0,357.76
2025-05-22,XLF,SELL,1822.0,50.18
2025-05-23,V,BUY,0.0,353.75
2025-05-23,AMD,BUY,356.0,108.09
2025-05-23,IVV,SELL,151.0,578.71
2025-05-23,NFLX,BUY,575.0,118.4
2025-05-23,SPY,SELL,145.0,575.98
2025-05-23,UNH,BUY,99.0,296.1
2025-05-23,XLF,SELL,1853.0,49.59
2025-05-27,XLF,BUY,0.0,50.44
2025-05-27,AMD,BUY,363.0,113.18
2025-05-27,IVV,SELL,154.0,588.89
2025-05-27,NFLX,BUY,584.0,119.53
2025-05-27,SPY,SELL,148.0,586.07
2025-05-27,UNH,BUY,101.0,299.5
2025-05-27,V,SELL,260.0,355.41
2025-05-28,V,BUY,0.0,359.34
2025-05-28,AMD,BUY,350.0,114.92
2025-05-28,IVV,SELL,151.0,594.44
2025-05-28,NFLX,BUY,575.0,121.03
2025-05-28,SPY,SELL,145.0,591.56
2025-05-28,UNH,BUY,102.0,294.0
2025-05-28,XLF,SELL,1854.0,50.89
2025-05-29,XLF,BUY,0.0,50.76
2025-05-29,AMD,BUY,360.0,115.49
2025-05-29,IVV,SELL,153.0,595.9
2025-05-29,NFLX,BUY,585.0,120.8
2025-05-29,QQQ,SELL,145.0,526.33
2025-05-29,SPY,SELL,147.0,593.06
2025-05-29,UNH,BUY,103.0,296.8
2025-05-30,AMD,BUY,365.0,111.58
2025-05-30,IVV,SELL,155.0,591.74
2025-05-30,NFLX,BUY,595.0,119.83
2025-05-30,QQQ,SELL,148.0,519.44
2025-05-30,SPY,SELL,149.0,588.93
2025-05-30,UNH,BUY,104.0,297.97
2025-06-02,QQQ,BUY,0.0,517.24
2025-06-02,AMD,BUY,376.0,111.06
2025-06-02,IVV,SELL,158.0,590.55
2025-06-02,NFLX,BUY,589.0,120.12
2025-06-02,SPY,SELL,152.0,587.76
2025-06-02,UNH,BUY,104.0,303.12
2025-06-02,V,SELL,264.0,362.77
2025-06-03,AMD,BUY,365.0,114.5
2025-06-03,IVV,SELL,159.0,595.21
2025-06-03,NFLX,BUY,592.0,121.99
2025-06-03,SPY,SELL,153.0,592.34
2025-06-03,UNH,BUY,105.0,303.1
2025-06-03,V,SELL,268.0,364.58
2025-06-04,AMD,SELL,0.0,117.41
2025-06-04,BA,BUY,272.0,214.77
2025-06-04,IVV,SELL,161.0,599.86
2025-06-04,NFLX,BUY,602.0,122.07
2025-06-04,SPY,SELL,154.0,596.96
2025-06-04,UNH,BUY,107.0,303.54
2025-06-04,V,SELL,272.0,366.71
2025-06-05,BA,SELL,0.0,212.5
2025-06-05,AMD,BUY,362.0,118.95
2025-06-05,IVV,SELL,163.0,600.53
2025-06-05,NFLX,BUY,597.0,124.06
2025-06-05,SPY,SELL,157.0,597.63
2025-06-05,UNH,BUY,109.0,300.38
2025-06-05,V,SELL,275.0,370.0
2025-06-06,AMD,BUY,374.0,117.69
2025-06-06,IVV,SELL,166.0,601.53
2025-06-06,NFLX,BUY,601.0,125.94
2025-06-06,SPY,SELL,160.0,598.66
2025-06-06,UNH,BUY,113.0,297.23
2025-06-06,V,SELL,279.0,369.01
2025-06-09,AMD,SELL,0.0,119.18
2025-06-09,BA,BUY,286.0,211.23
2025-06-09,IVV,SELL,166.0,602.63
2025-06-09,NFLX,BUY,612.0,123.89
2025-06-09,SPY,SELL,160.0,599.72
2025-06-09,UNH,BUY,111.0,305.04
2025-06-09,V,SELL,280.0,369.79
2025-06-10,BA,BUY,276.0,217.58
2025-06-10,IVV,SELL,169.0,603.12
2025-06-10,NFLX,BUY,623.0,122.75
2025-06-10,SPY,SELL,162.0,600.22
2025-06-10,UNH,BUY,113.0,303.8
2025-06-10,V,SELL,285.0,367.0
2025-06-11,BA,BUY,282.0,215.5
2025-06-11,IVV,SELL,170.0,607.14
2025-06-11,NFLX,BUY,633.0,120.26
2025-06-11,SPY,SELL,164.0,604.19
2025-06-11,UNH,BUY,114.0,302.68
2025-06-11,V,SELL,284.0,370.0
2025-06-12,BA,BUY,288.0,202.17
2025-06-12,IVV,SELL,173.0,602.97
2025-06-12,NFLX,BUY,632.0,122.26
2025-06-12,SPY,SELL,167.0,600.01
2025-06-12,UNH,BUY,113.0,311.4
2025-06-12,V,SELL,286.0,372.23
2025-06-13,BA,SELL,0.0,200.68
2025-06-13,V,BUY,0.0,361.51
2025-06-13,IVV,SELL,176.0,601.46
2025-06-13,MU,BUY,352.0,113.8
2025-06-13,NFLX,BUY,644.0,120.66
2025-06-13,QQQ,SELL,166.0,527.68
2025-06-13,SPY,SELL,169.0,598.5
2025-06-13,UNH,BUY,111.0,315.9
2025-06-16,MU,SELL,0.0,117.81
2025-06-16,AAPL,BUY,330.0,197.3
2025-06-16,IVV,SELL,178.0,601.47
2025-06-16,NFLX,BUY,655.0,121.22
2025-06-16,QQQ,SELL,169.0,530.5
2025-06-16,SPY,SELL,172.0,600.4
2025-06-16,UNH,BUY,114.0,313.0
2025-06-17,IVV,BUY,0.0,601.29
2025-06-17,AAPL,BUY,331.0,197.2
2025-06-17,AMZN,SELL,314.0,215.2
2025-06-17,NFLX,BUY,656.0,122.0
2025-06-17,QQQ,SELL,168.0,531.71
2025-06-17,SPY,SELL,172.0,600.21
2025-06-17,UNH,BUY,118.0,307.45
2025-06-18,QQQ,BUY,0.0,530.1
2025-06-18,AAPL,BUY,339.0,195.94
2025-06-18,AMZN,SELL,321.0,215.09
2025-06-18,IVV,SELL,183.0,599.5
2025-06-18,NFLX,BUY,668.0,123.0
2025-06-18,SPY,SELL,175.0,598.44
2025-06-18,UNH,BUY,120.0,307.55
2025-06-20,AMZN,BUY,0.0,214.68
2025-06-20,AAPL,BUY,343.0,198.24
2025-06-20,IVV,SELL,186.0,601.23
2025-06-20,NFLX,BUY,678.0,123.45
2025-06-20,QQQ,SELL,174.0,532.26
2025-06-20,SPY,SELL,178.0,598.38
2025-06-20,UNH,BUY,122.0,309.5
2025-06-23,AAPL,SELL,0.0,201.63
2025-06-23,AMD,BUY,348.0,130.47
2025-06-23,IVV,SELL,189.0,597.87
2025-06-23,NFLX,BUY,683.0,123.8
2025-06-23,QQQ,SELL,178.0,526.81
2025-06-23,SPY,SELL,181.0,595.04
2025-06-23,UNH,BUY,126.0,301.9
2025-06-24,AMD,BUY,349.0,133.43
2025-06-24,IVV,SELL,189.0,607.19
2025-06-24,NFLX,BUY,675.0,126.06
2025-06-24,QQQ,SELL,178.0,536.89
2025-06-24,SPY,SELL,181.0,604.33
2025-06-24,UNH,BUY,129.0,301.45
2025-06-25,AMD,BUY,317.0,140.94
2025-06-25,IVV,SELL,188.0,610.79
2025-06-25,NFLX,BUY,664.0,128.68
2025-06-25,QQQ,SELL,176.0,542.06
2025-06-25,SPY,SELL,181.0,607.91
2025-06-25,UNH,BUY,128.0,304.38
2025-06-26,AMD,SELL,0.0,145.97
2025-06-26,QQQ,BUY,0.0,543.35
2025-06-26,AMZN,SELL,342.0,213.12
2025-06-26,IVV,SELL,191.0,611.9
2025-06-26,MU,BUY,351.0,129.53
2025-06-26,NFLX,BUY,675.0,128.0
2025-06-26,SPY,SELL,183.0,608.99
2025-06-26,UNH,BUY,131.0,302.57
2025-06-27,AMZN,BUY,0.0,219.92
2025-06-27,DIA,SELL,299.0,435.15
2025-06-27,IVV,SELL,192.0,615.81
2025-06-27,MU,BUY,359.0,125.14
2025-06-27,NFLX,BUY,656.0,130.69
2025-06-27,SPY,SELL,184.0,612.88
2025-06-27,UNH,BUY,133.0,302.95
2025-06-30,DIA,SELL,299.0,440.45
2025-06-30,IVV,SELL,194.0,620.31
2025-06-30,MU,BUY,367.0,124.9
2025-06-30,NFLX,BUY,657.0,133.1
2025-06-30,SPY,SELL,186.0,617.38
2025-06-30,UNH,BUY,132.0,309.0
2025-07-01,DIA,SELL,301.0,440.19
2025-07-01,IVV,SELL,196.0,619.3
2025-07-01,MU,BUY,375.0,122.35
2025-07-01,NFLX,BUY,658.0,133.82
2025-07-01,SPY,SELL,188.0,616.36
2025-07-01,UNH,BUY,132.0,311.97
2025-07-02,DIA,SELL,301.0,444.68
2025-07-02,IVV,SELL,199.0,620.2
2025-07-02,MU,BUY,385.0,120.5
2025-07-02,NFLX,BUY,643.0,129.7
2025-07-02,SPY,SELL,191.0,617.24
2025-07-02,UNH,BUY,125.0,320.74
2025-07-03,DIA,SELL,306.0,445.67
2025-07-03,IVV,SELL,201.0,625.4
2025-07-03,MU,BUY,389.0,122.33
2025-07-03,NFLX,BUY,655.0,129.2
2025-07-03,SPY,SELL,193.0,622.45
2025-07-03,UNH,BUY,131.0,309.84
2025-07-07,DIA,SELL,307.0,447.38
2025-07-07,IVV,SELL,202.0,626.34
2025-07-07,MU,BUY,393.0,121.18
2025-07-07,NFLX,BUY,658.0,129.5
2025-07-07,SPY,SELL,194.0,623.36
2025-07-07,UNH,BUY,132.0,308.0
2025-07-08,DIA,SELL,310.0,443.69
2025-07-08,IVV,SELL,205.0,624.32
2025-07-08,MU,BUY,403.0,122.45
2025-07-08,NFLX,BUY,670.0,129.09
2025-07-08,SPY,SELL,197.0,621.35
2025-07-08,UNH,BUY,136.0,304.23
2025-07-09,IVV,BUY,0.0,625.75
2025-07-09,SPY,BUY,0.0,622.77
2025-07-09,DIA,SELL,315.0,444.39
2025-07-09,GLD,SELL,411.0,303.58
2025-07-09,MU,BUY,389.0,124.82
2025-07-09,NFLX,BUY,681.0,127.4
2025-07-09,UNH,BUY,136.0,303.19
2025-07-09,XLF,SELL,2455.0,52.48
2025-07-10,XLF,BUY,0.0,52.28
2025-07-10,GLD,BUY,0.0,306.11
2025-07-10,DIA,SELL,319.0,444.38
2025-07-10,GOOGL,SELL,446.0,175.63
2025-07-10,MU,BUY,399.0,124.28
2025-07-10,NFLX,BUY,683.0,128.55
2025-07-10,UNH,BUY,140.0,303.06
2025-07-10,WMT,SELL,1172.0,96.66
2025-07-11,MU,SELL,0.0,122.13
2025-07-11,GOOGL,BUY,0.0,176.79
2025-07-11,BA,BUY,292.0,225.43
2025-07-11,DIA,SELL,322.0,443.67
2025-07-11,NFLX,BUY,680.0,125.98
2025-07-11,UNH,BUY,144.0,300.02
2025-07-11,WMT,SELL,1175.0,95.01
2025-07-11,XLF,SELL,2502.0,52.36
2025-07-14,BA,SELL,0.0,231.4
2025-07-14,XLF,BUY,0.0,52.15
2025-07-14,WMT,BUY,0.0,94.51
2025-07-14,AMD,BUY,333.0,145.09
2025-07-14,DIA,SELL,326.0,443.11
2025-07-14,IVV,SELL,216.0,626.17
2025-07-14,NFLX,BUY,692.0,124.49
2025-07-14,SPY,SELL,208.0,623.16
2025-07-14,UNH,BUY,144.0,301.64
2025-07-15,AMD,SELL,0.0,153.75
2025-07-15,BA,BUY,294.0,230.12
2025-07-15,DIA,SELL,331.0,444.58
2025-07-15,IVV,SELL,219.0,630.52
2025-07-15,NFLX,BUY,690.0,126.2
2025-07-15,SPY,SELL,211.0,627.52
2025-07-15,UNH,BUY,147.0,299.71
2025-07-16,BA,SELL,0.0,232.13
2025-07-16,AMD,BUY,308.0,155.31
2025-07-16,DIA,SELL,334.0,441.86
2025-07-16,IVV,SELL,222.0,626.76
2025-07-16,NFLX,BUY,701.0,126.17
2025-07-16,SPY,SELL,214.0,623.74
2025-07-16,UNH,BUY,153.0,292.55
2025-07-17,AMD,BUY,302.0,161.81
2025-07-17,DIA,SELL,336.0,442.05
2025-07-17,IVV,SELL,225.0,627.44
2025-07-17,NFLX,BUY,714.0,125.3
2025-07-17,SPY,SELL,217.0,624.4
2025-07-17,UNH,BUY,155.0,292.33
2025-07-18,IVV,BUY,0.0,632.32
2025-07-18,AMD,BUY,307.0,159.59
2025-07-18,DIA,SELL,338.0,445.73
2025-07-18,NFLX,BUY,702.0,124.2
2025-07-18,SPY,SELL,218.0,629.3
2025-07-18,UNH,BUY,160.0,287.89
2025-07-18,XLF,SELL,2535.0,52.58
2025-07-21,AMD,SELL,0.0,157.62
2025-07-21,XLF,BUY,0.0,52.57
2025-07-21,BA,BUY,313.0,229.4
2025-07-21,DIA,SELL,344.0,444.2
2025-07-21,IVV,SELL,230.0,631.8
2025-07-21,NFLX,BUY,657.0,120.6
2025-07-21,SPY,SELL,222.0,628.77
2025-07-21,UNH,BUY,165.0,284.64
2025-07-22,BA,SELL,0.0,228.3
2025-07-22,DIA,BUY,0.0,442.86
2025-07-22,IVV,SELL,234.0,632.12
2025-07-22,IWM,SELL,523.0,221.62
2025-07-22,NFLX,BUY,645.0,123.04
2025-07-22,NVDA,BUY,369.0,171.34
2025-07-22,SPY,SELL,225.0,629.1
2025-07-22,UNH,BUY,168.0,282.63
2025-07-23,NVDA,SELL,0.0,169.53
2025-07-23,NFLX,SELL,0.0,118.98
2025-07-23,IVV,BUY,0.0,634.61
2025-07-23,IWM,BUY,0.0,224.82
2025-07-23,SPY,BUY,0.0,631.55
2025-07-23,AMD,BUY,326.0,156.32
2025-07-23,BA,BUY,324.0,230.32
2025-07-23,DIA,SELL,353.0,447.25
2025-07-23,UNH,BUY,168.0,287.5
2025-07-23,V,SELL,296.0,353.0
2025-07-23,XLF,SELL,2638.0,52.8
2025-07-24,AMD,SELL,0.0,159.12
2025-07-24,BA,SELL,0.0,233.91
2025-07-24,V,BUY,0.0,354.82
2025-07-24,DIA,SELL,348.0,447.01
2025-07-24,NFLX,BUY,659.0,117.78
2025-07-24,NVDA,BUY,370.0,172.44
2025-07-24,SPY,SELL,229.0,634.6
2025-07-24,UNH,BUY,164.0,283.1
2025-07-24,XLF,SELL,2643.0,53.12
2025-07-25,XLF,BUY,0.0,53.1
2025-07-25,DIA,SELL,352.0,447.53
2025-07-25,IVV,SELL,241.0,638.15
2025-07-25,NFLX,BUY,667.0,117.84
2025-07-25,NVDA,BUY,369.0,173.61
2025-07-25,SPY,SELL,232.0,635.09
2025-07-25,UNH,BUY,170.0,281.0
2025-07-28,NFLX,SELL,0.0,118.12
2025-07-28,IVV,BUY,0.0,640.53
2025-07-28,DIA,BUY,0.0,448.66
2025-07-28,AMD,BUY,313.0,169.08
2025-07-28,NVDA,BUY,374.0,174.02
2025-07-28,QQQ,SELL,229.0,567.74
2025-07-28,SPY,SELL,235.0,637.48
2025-07-28,UNH,BUY,171.0,283.5
2025-07-28,XLF,SELL,2699.0,53.38
2025-07-29,XLF,BUY,0.0,53.25
2025-07-29,SPY,BUY,0.0,638.35
2025-07-29,AMD,BUY,299.0,175.21
2025-07-29,DIA,SELL,362.0,448.63
2025-07-29,IWM,SELL,536.0,225.61
2025-07-29,NVDA,BUY,372.0,177.96
2025-07-29,QQQ,SELL,232.0,570.76
2025-07-29,UNH,BUY,173.0,265.7
2025-07-30,IWM,BUY,0.0,223.66
2025-07-30,DIA,BUY,0.0,446.71
2025-07-30,AMD,BUY,296.0,175.61
2025-07-30,IVV,SELL,251.0,639.1
2025-07-30,NVDA,BUY,379.0,176.51
2025-07-30,QQQ,SELL,236.0,568.18
2025-07-30,SPY,SELL,242.0,635.92
2025-07-30,UNH,BUY,176.0,264.8
2025-07-31,AMD,BUY,298.0,182.02
2025-07-31,IVV,SELL,255.0,642.57
2025-07-31,NVDA,BUY,374.0,182.9
2025-07-31,QQQ,SELL,239.0,574.54
2025-07-31,SPY,SELL,246.0,639.46
2025-07-31,UNH,BUY,174.0,261.4
2025-08-01,AMD,BUY,304.0,170.16
2025-08-01,IVV,SELL,259.0,629.36
2025-08-01,NVDA,BUY,381.0,174.09
2025-08-01,QQQ,SELL,243.0,558.83
2025-08-01,SPY,SELL,250.0,626.3
2025-08-01,UNH,BUY,180.0,250.61
2025-08-04,AMD,BUY,310.0,174.61
2025-08-04,IVV,SELL,254.0,628.73
2025-08-04,NVDA,BUY,387.0,175.16
2025-08-04,QQQ,SELL,238.0,559.05
2025-08-04,SPY,SELL,246.0,625.67
2025-08-04,UNH,BUY,188.0,238.24
2025-08-05,AMD,BUY,303.0,177.57
2025-08-05,IVV,SELL,246.0,634.89
2025-08-05,NVDA,BUY,369.0,179.62
2025-08-05,QQQ,SELL,230.0,565.39
2025-08-05,SPY,SELL,239.0,631.79
2025-08-05,UNH,BUY,188.0,241.16
2025-08-06,AMD,BUY,310.0,165.05
2025-08-06,IVV,SELL,250.0,632.1
2025-08-06,NVDA,BUY,376.0,176.33
2025-08-06,QQQ,SELL,234.0,561.11
2025-08-06,SPY,SELL,242.0,629.05
2025-08-06,UNH,BUY,177.0,250.64
2025-08-07,AMD,BUY,306.0,166.84
2025-08-07,IVV,SELL,251.0,639.35
2025-08-07,NVDA,BUY,380.0,181.57
2025-08-07,QQQ,SELL,231.0,571.67
2025-08-07,SPY,SELL,243.0,636.24
2025-08-07,UNH,BUY,184.0,246.42
2025-08-08,QQQ,BUY,0.0,570.45
2025-08-08,AMD,BUY,283.0,174.04
2025-08-08,HYG,SELL,6336.0,80.2
2025-08-08,IVV,SELL,255.0,637.21
2025-08-08,NVDA,BUY,383.0,181.55
2025-08-08,SPY,SELL,247.0,634.06
2025-08-08,UNH,BUY,187.0,244.79
2025-08-11,HYG,BUY,0.0,80.22
2025-08-11,AMD,BUY,287.0,170.04
2025-08-11,IVV,SELL,255.0,640.6
2025-08-11,NVDA,BUY,385.0,182.05
2025-08-11,QQQ,SELL,234.0,574.69
2025-08-11,SPY,SELL,247.0,637.46
2025-08-11,UNH,BUY,183.0,253.87
2025-08-12,NVDA,SELL,0.0,182.96
2025-08-12,AMD,BUY,292.0,173.32
2025-08-12,IVV,SELL,259.0,641.37
2025-08-12,MU,BUY,414.0,124.7
2025-08-12,QQQ,SELL,238.0,575.16
2025-08-12,SPY,SELL,251.0,638.29
2025-08-12,UNH,BUY,185.0,254.02
2025-08-13,QQQ,BUY,0.0,582.76
2025-08-13,AMD,BUY,292.0,179.91
2025-08-13,HYG,SELL,6578.0,80.46
2025-08-13,IVV,SELL,257.0,648.02
2025-08-13,MU,BUY,402.0,127.58
2025-08-13,SPY,SELL,249.0,644.91
2025-08-13,UNH,BUY,177.0,264.39
2025-08-14,MU,SELL,0.0,123.2
2025-08-14,AMD,BUY,272.0,179.83
2025-08-14,HYG,SELL,6599.0,80.49
2025-08-14,IVV,SELL,260.0,645.99
2025-08-14,NFLX,BUY,715.0,120.99
2025-08-14,SPY,SELL,252.0,642.79
2025-08-14,UNH,BUY,169.0,272.1
2025-08-15,NFLX,SELL,0.0,123.4
2025-08-15,HYG,BUY,0.0,80.47
2025-08-15,AMD,BUY,278.0,180.06
2025-08-15,IVV,SELL,264.0,649.2
2025-08-15,MU,BUY,416.0,123.17
2025-08-15,QQQ,SELL,243.0,579.8
2025-08-15,SPY,SELL,256.0,645.99
2025-08-15,UNH,BUY,172.0,301.71
2025-08-18,MU,SELL,0.0,121.35
2025-08-18,QQQ,BUY,0.0,576.44
2025-08-18,AMD,BUY,285.0,176.76
2025-08-18,IVV,SELL,268.0,646.0
2025-08-18,JPM,SELL,414.0,290.0
2025-08-18,NVDA,BUY,415.0,180.6
2025-08-18,SPY,SELL,260.0,642.86
2025-08-18,UNH,BUY,133.0,313.18
2025-08-19,JPM,BUY,0.0,290.83
2025-08-19,AMD,BUY,291.0,173.1
2025-08-19,IVV,SELL,272.0,646.29
2025-08-19,NVDA,BUY,418.0,182.43
2025-08-19,SPY,SELL,264.0,643.12
2025-08-19,UNH,BUY,133.0,308.9
2025-08-19,XLF,SELL,2991.0,52.45
2025-08-20,XLF,BUY,0.0,52.64
2025-08-20,AMD,BUY,294.0,164.1
2025-08-20,IVV,SELL,275.0,642.54
2025-08-20,NVDA,BUY,416.0,175.17
2025-08-20,QQQ,SELL,250.0,568.33
2025-08-20,SPY,SELL,267.0,639.4
2025-08-20,UNH,BUY,136.0,306.4
2025-08-21,AMD,BUY,301.0,165.86
2025-08-21,IVV,SELL,280.0,639.41
2025-08-21,NVDA,BUY,423.0,174.85
2025-08-21,QQQ,SELL,254.0,564.35
2025-08-21,SPY,SELL,272.0,636.28
2025-08-21,UNH,BUY,140.0,302.29
2025-08-22,NVDA,SELL,0.0,172.61
2025-08-22,IVV,BUY,0.0,640.93
2025-08-22,QQQ,BUY,0.0,564.67
2025-08-22,AMD,BUY,307.0,162.17
2025-08-22,GOOG,SELL,523.0,203.96
2025-08-22,GOOGL,SELL,516.0,202.73
2025-08-22,NFLX,BUY,740.0,120.89
2025-08-22,SPY,SELL,276.0,637.76
2025-08-22,UNH,BUY,140.0,306.1
2025-08-25,NFLX,SELL,0.0,120.17
2025-08-25,GOOGL,BUY,0.0,206.43
2025-08-25,GOOG,BUY,0.0,207.0
2025-08-25,AMD,BUY,303.0,165.55
2025-08-25,IVV,SELL,272.0,647.23
2025-08-25,NVDA,BUY,427.0,178.35
2025-08-25,QQQ,SELL,251.0,570.4
2025-08-25,SPY,SELL,265.0,644.04
2025-08-25,UNH,BUY,141.0,308.49
2025-08-26,QQQ,BUY,0.0,569.83
2025-08-26,AMD,BUY,311.0,168.65
2025-08-26,DIA,SELL,391.0,452.79
2025-08-26,IVV,SELL,276.0,645.34
2025-08-26,NVDA,BUY,428.0,180.06
2025-08-26,SPY,SELL,269.0,642.2
2025-08-26,UNH,BUY,144.0,304.31
2025-08-27,IVV,BUY,0.0,647.76
2025-08-27,DIA,BUY,0.0,454.28
2025-08-27,AMD,BUY,308.0,166.04
2025-08-27,IWM,SELL,486.0,233.74
2025-08-27,NVDA,BUY,430.0,181.98
2025-08-27,QQQ,SELL,258.0,571.59
2025-08-27,SPY,SELL,272.0,644.57
2025-08-27,UNH,BUY,148.0,300.54
2025-08-28,IWM,BUY,0.0,236.96
2025-08-28,AMD,BUY,312.0,168.5
2025-08-28,IVV,SELL,283.0,650.44
2025-08-28,NVDA,BUY,437.0,180.82
2025-08-28,QQQ,SELL,262.0,574.11
2025-08-28,SPY,SELL,275.0,647.24
2025-08-28,UNH,BUY,148.0,304.25
2025-08-29,QQQ,BUY,0.0,574.66
2025-08-29,AMD,BUY,314.0,166.81
2025-08-29,DIA,SELL,406.0,456.12
2025-08-29,IVV,SELL,286.0,650.69
2025-08-29,NVDA,BUY,445.0,178.11
2025-08-29,SPY,SELL,279.0,647.47
2025-08-29,UNH,BUY,151.0,302.3
2025-09-02,IVV,BUY,0.0,640.64
2025-09-02,SPY,BUY,0.0,637.5
2025-09-02,AMD,BUY,322.0,158.42
2025-09-02,DIA,SELL,412.0,451.99
2025-09-02,NVDA,BUY,443.0,170.0
2025-09-02,QQQ,SELL,265.0,561.31
2025-09-02,UNH,BUY,149.0,308.31
2025-09-02,XLF,SELL,3150.0,53.7
2025-09-03,XLF,BUY,0.0,53.5
2025-09-03,QQQ,BUY,0.0,569.23
2025-09-03,AMD,BUY,328.0,161.81
2025-09-03,DIA,SELL,417.0,452.88
2025-09-03,IVV,SELL,291.0,645.82
2025-09-03,NVDA,BUY,451.0,171.06
2025-09-03,SPY,SELL,284.0,642.67
2025-09-03,UNH,BUY,152.0,308.11
2025-09-04,NVDA,SELL,0.0,170.57
2025-09-04,IVV,BUY,0.0,647.62
2025-09-04,AMD,BUY,333.0,159.94
2025-09-04,DIA,SELL,424.0,453.55
2025-09-04,GOOG,BUY,332.0,230.16
2025-09-04,SPY,SELL,286.0,644.42
2025-09-04,UNH,BUY,155.0,306.1
2025-09-04,XLF,SELL,3233.0,53.69
2025-09-05,XLF,BUY,0.0,54.11
2025-09-05,AMD,BUY,339.0,157.12
2025-09-05,DIA,SELL,422.0,457.12
2025-09-05,GOOG,BUY,335.0,232.66
2025-09-05,IVV,SELL,291.0,654.7
2025-09-05,SPY,SELL,285.0,651.48
2025-09-05,UNH,BUY,156.0,310.44
2025-09-08,GOOG,SELL,0.0,235.79
2025-09-08,AMD,BUY,338.0,151.8
2025-09-08,DIA,SELL,427.0,455.38
2025-09-08,GOOGL,BUY,331.0,235.47
2025-09-08,IVV,SELL,296.0,651.84
2025-09-08,SPY,SELL,289.0,648.62
2025-09-08,UNH,BUY,155.0,319.71
2025-09-09,GOOGL,SELL,0.0,234.17
2025-09-09,AMD,BUY,343.0,151.99
2025-09-09,DIA,SELL,433.0,455.96
2025-09-09,GOOG,BUY,342.0,234.19
2025-09-09,IVV,SELL,300.0,652.2
2025-09-09,SPY,SELL,293.0,648.97
2025-09-09,UNH,BUY,155.0,332.5
2025-09-10,AMD,SELL,0.0,163.54
2025-09-10,GOOG,SELL,0.0,239.25
2025-09-10,IVV,BUY,0.0,656.86
2025-09-10,SPY,BUY,0.0,653.62
2025-09-10,DIA,SELL,437.0,457.71
2025-09-10,LQD,SELL,3506.0,111.58
2025-09-10,MU,BUY,405.0,140.02
2025-09-10,NVDA,BUY,468.0,176.64
2025-09-10,UNH,BUY,132.0,345.56
2025-09-10,XLF,SELL,3163.0,53.17
2025-09-11,NVDA,SELL,0.0,179.68
2025-09-11,XLF,BUY,0.0,53.19
2025-09-11,LQD,BUY,0.0,111.89
2025-09-11,DIA,SELL,442.0,456.85
2025-09-11,GOOGL,BUY,335.0,239.88
2025-09-11,IVV,SELL,307.0,657.46
2025-09-11,MU,BUY,391.0,147.72
2025-09-11,SPY,SELL,300.0,654.18
2025-09-11,UNH,BUY,134.0,349.0
2025-09-12,GOOGL,SELL,0.0,240.37
2025-09-12,SPY,BUY,0.0,657.6
2025-09-12,DIA,SELL,427.0,461.25
2025-09-12,IVV,SELL,306.0,660.9
2025-09-12,MU,BUY,341.0,153.55
2025-09-12,NVDA,BUY,442.0,177.77
2025-09-12,UNH,BUY,133.0,355.9
2025-09-12,XLF,SELL,3075.0,53.96
2025-09-15,NVDA,SELL,0.0,175.67
2025-09-15,IVV,BUY,0.0,662.94
2025-09-15,XLF,BUY,0.0,53.89
2025-09-15,DIA,SELL,432.0,460.01
2025-09-15,GOOGL,BUY,343.0,244.66
2025-09-15,LQD,SELL,3557.0,112.23
2025-09-15,MU,BUY,325.0,156.96
2025-09-15,SPY,SELL,304.0,659.64
2025-09-15,UNH,BUY,136.0,351.26
2025-09-16,GOOGL,SELL,0.0,252.08
2025-09-16,LQD,BUY,0.0,112.29
2025-09-16,DIA,SELL,438.0,460.11
2025-09-16,GOOG,BUY,320.0,252.33
2025-09-16,IVV,SELL,313.0,662.82
2025-09-16,MU,BUY,329.0,157.98
2025-09-16,SPY,SELL,306.0,661.47
2025-09-16,UNH,BUY,139.0,347.5
2025-09-17,MU,SELL,0.0,157.41
2025-09-17,DIA,BUY,0.0,459.79
2025-09-17,GOOG,BUY,325.0,251.46
2025-09-17,GOOGL,BUY,319.0,251.22
2025-09-17,HYG,SELL,7055.0,81.19
2025-09-17,IVV,SELL,316.0,661.36
2025-09-17,SPY,SELL,310.0,660.01
2025-09-17,UNH,BUY,143.0,337.69
2025-09-18,HYG,BUY,0.0,81.14
2025-09-18,DIA,SELL,447.0,461.29
2025-09-18,GOOG,BUY,330.0,251.86
2025-09-18,GOOGL,BUY,324.0,251.68
2025-09-18,IVV,SELL,321.0,663.26
2025-09-18,SPY,SELL,315.0,661.89
2025-09-18,UNH,BUY,145.0,343.53
2025-09-19,UNH,SELL,0.0,336.5
2025-09-19,DIA,SELL,452.0,462.72
2025-09-19,GOOG,BUY,331.0,253.4
2025-09-19,GOOGL,BUY,326.0,253.25
2025-09-19,IVV,SELL,323.0,665.48
2025-09-19,MU,BUY,311.0,162.75
2025-09-19,SPY,SELL,318.0,662.33
2025-09-22,MU,SELL,0.0,164.38
2025-09-22,DIA,SELL,459.0,461.16
2025-09-22,GOOG,BUY,333.0,254.78
2025-09-22,GOOGL,BUY,327.0,254.43
2025-09-22,IVV,SELL,326.0,665.39
2025-09-22,SPY,SELL,322.0,662.2
2025-09-22,UNH,BUY,150.0,334.46
2025-09-23,IVV,BUY,0.0,669.95
2025-09-23,DIA,SELL,465.0,464.22
2025-09-23,GOOG,BUY,337.0,253.66
2025-09-23,GOOGL,BUY,332.0,253.04
2025-09-23,HYG,SELL,7411.0,81.34
2025-09-23,SPY,SELL,324.0,666.72
2025-09-23,UNH,BUY,150.0,341.0
2025-09-24,DIA,BUY,0.0,463.45
2025-09-24,HYG,BUY,0.0,81.25
2025-09-24,GOOG,BUY,342.0,252.15
2025-09-24,GOOGL,BUY,337.0,251.66
2025-09-24,IVV,SELL,331.0,667.71
2025-09-24,IWM,SELL,543.0,243.9
2025-09-24,SPY,SELL,327.0,664.51
2025-09-24,UNH,BUY,149.0,350.2
2025-09-25,GOOGL,SELL,0.0,244.4
2025-09-25,GOOG,BUY,345.0,244.84
2025-09-25,IVV,SELL,335.0,661.14
2025-09-25,IWM,SELL,549.0,238.98
2025-09-25,MU,BUY,325.0,157.39
2025-09-25,SPY,SELL,331.0,657.94
2025-09-25,UNH,BUY,150.0,348.9
2025-09-26,UNH,SELL,0.0,347.93
2025-09-26,IWM,BUY,0.0,239.62
2025-09-26,DIA,SELL,485.0,461.27
2025-09-26,GOOG,BUY,350.0,247.79
2025-09-26,GOOGL,BUY,345.0,247.07
2025-09-26,IVV,SELL,338.0,662.71
2025-09-26,MU,BUY,332.0,158.52
2025-09-26,SPY,SELL,334.0,659.51
2025-09-29,MU,SELL,0.0,160.0
2025-09-29,DIA,SELL,485.0,463.76
2025-09-29,GOOG,BUY,355.0,248.28
2025-09-29,GOOGL,BUY,349.0,247.85
2025-09-29,IVV,SELL,339.0,667.57
2025-09-29,SPY,SELL,335.0,664.36
2025-09-29,UNH,BUY,157.0,343.98
2025-09-30,GOOG,SELL,0.0,243.06
2025-09-30,DIA,SELL,492.0,462.62
2025-09-30,GOOGL,BUY,355.0,242.81
2025-09-30,IVV,SELL,343.0,666.12
2025-09-30,MU,BUY,321.0,164.11
2025-09-30,SPY,SELL,340.0,662.93
2025-09-30,UNH,BUY,158.0,343.75
2025-10-01,GOOGL,SELL,0.0,240.75
2025-10-01,DIA,SELL,499.0,462.57
2025-10-01,GOOG,BUY,366.0,241.18
2025-10-01,IVV,SELL,347.0,666.37
2025-10-01,MU,BUY,318.0,165.6
2025-10-01,SPY,SELL,343.0,663.17
2025-10-01,UNH,BUY,161.0,343.9
2025-10-02,DIA,SELL,506.0,464.31
2025-10-02,GOOG,BUY,368.0,245.64
2025-10-02,IVV,SELL,350.0,673.72
2025-10-02,MU,BUY,269.0,184.96
2025-10-02,SPY,SELL,347.0,670.45
2025-10-02,UNH,BUY,162.0,347.29
2025-10-03,DIA,SELL,513.0,465.79
2025-10-03,GOOG,BUY,373.0,245.23
2025-10-03,IVV,SELL,356.0,673.24
2025-10-03,MU,BUY,271.0,185.21
2025-10-03,SPY,SELL,352.0,669.99
2025-10-03,UNH,BUY,162.0,357.25
2025-10-06,GOOG,SELL,0.0,245.78
2025-10-06,IVV,BUY,0.0,674.85
2025-10-06,DIA,SELL,516.0,468.32
2025-10-06,GOOGL,BUY,374.0,244.78
2025-10-06,LQD,SELL,4157.0,111.24
2025-10-06,MU,BUY,269.0,195.01
2025-10-06,SPY,SELL,357.0,671.62
2025-10-06,UNH,BUY,160.0,361.03
2025-10-07,GOOGL,SELL,0.0,248.27
2025-10-07,LQD,BUY,0.0,111.34
2025-10-07,SPY,BUY,0.0,672.54
2025-10-07,AMD,BUY,173.0,214.85
2025-10-07,CVX,SELL,844.0,153.65
2025-10-07,DIA,SELL,523.0,467.55
2025-10-07,HYG,SELL,8104.0,80.89
2025-10-07,MU,BUY,269.0,194.85
2025-10-07,UNH,BUY,163.0,359.41
2025-10-08,AMD,BUY,169.0,212.95
2025-10-08,CVX,SELL,850.0,154.36
2025-10-08,DIA,SELL,531.0,467.32
2025-10-08,HYG,SELL,8210.0,80.82
2025-10-08,MU,BUY,274.0,188.99
2025-10-08,UNH,BUY,163.0,366.93
2025-10-09,AMD,SELL,0.0,236.3
2025-10-09,UNH,SELL,0.0,372.52
2025-10-09,CVX,BUY,0.0,154.13
2025-10-09,DIA,SELL,539.0,466.17
2025-10-09,GOOG,BUY,380.0,245.06
2025-10-09,GOOGL,BUY,376.0,244.47
2025-10-09,HYG,SELL,8298.0,80.64
2025-10-09,LQD,SELL,4265.0,111.17
2025-10-09,MU,BUY,254.0,192.97
2025-10-10,LQD,BUY,0.0,111.48
2025-10-10,HYG,BUY,0.0,80.47
2025-10-10,DIA,SELL,542.0,465.12
2025-10-10,GOOG,BUY,385.0,242.16
2025-10-10,GOOGL,BUY,381.0,241.43
2025-10-10,IVV,SELL,373.0,675.43
2025-10-10,MU,BUY,259.0,192.96
2025-10-10,SPY,SELL,370.0,672.13
2025-10-13,IVV,BUY,0.0,663.84
2025-10-13,SPY,BUY,0.0,660.65
2025-10-13,DIA,SELL,491.0,458.23
2025-10-13,GOOG,BUY,388.0,241.03
2025-10-13,GOOGL,BUY,384.0,240.21
2025-10-13,HYG,SELL,7743.0,80.23
2025-10-13,MU,BUY,261.0,190.79
2025-10-13,XLF,SELL,3555.0,52.55
2025-10-14,DIA,SELL,469.0,457.03
2025-10-14,GOOG,BUY,368.0,241.76
2025-10-14,GOOGL,BUY,362.0,241.23
2025-10-14,HYG,SELL,7117.0,80.18
2025-10-14,MU,BUY,240.0,186.96
2025-10-14,XLF,SELL,3501.0,52.45
2025-10-15,HYG,BUY,0.0,80.72
2025-10-15,DIA,SELL,472.0,464.67
2025-10-15,GOOG,BUY,372.0,248.09
2025-10-15,GOOGL,BUY,365.0,247.25
2025-10-15,LQD,SELL,4316.0,112.26
2025-10-15,MU,BUY,246.0,192.48
2025-10-15,XLF,SELL,3427.0,53.43
2025-10-16,DIA,SELL,480.0,463.37
2025-10-16,GOOG,BUY,362.0,252.47
2025-10-16,GOOGL,BUY,356.0,251.77
2025-10-16,LQD,SELL,4383.0,112.05
2025-10-16,MU,BUY,243.0,199.96
2025-10-16,XLF,SELL,3482.0,53.09
2025-10-17,GOOGL,SELL,0.0,250.76
2025-10-17,GOOG,SELL,0.0,251.35
2025-10-17,XLF,BUY,0.0,51.9
2025-10-17,AMD,BUY,141.0,233.26
2025-10-17,DIA,SELL,483.0,459.3
2025-10-17,HYG,SELL,7073.0,80.44
2025-10-17,LQD,SELL,4402.0,112.29
2025-10-17,MU,BUY,228.0,199.28
2025-10-17,UNH,BUY,177.0,351.0
2025-10-20,UNH,SELL,0.0,358.54
2025-10-20,AMD,BUY,144.0,236.47
2025-10-20,DIA,SELL,485.0,463.45
2025-10-20,GOOG,BUY,371.0,255.23
2025-10-20,HYG,SELL,7067.0,80.77
2025-10-20,LQD,SELL,4438.0,112.46
2025-10-20,MU,BUY,231.0,209.66
2025-10-21,DIA,BUY,0.0,467.07
2025-10-21,AMD,BUY,141.0,239.39
2025-10-21,GOOG,BUY,370.0,255.25
2025-10-21,HYG,SELL,7111.0,80.88
2025-10-21,LQD,SELL,4449.0,112.82
2025-10-21,MU,BUY,229.0,204.3
2025-10-21,WMT,SELL,1062.0,107.33
2025-10-22,WMT,BUY,0.0,106.55
2025-10-22,AMD,BUY,144.0,236.85
2025-10-22,DIA,SELL,473.0,469.21
2025-10-22,GOOG,BUY,370.0,255.01
2025-10-22,HYG,SELL,7196.0,80.76
2025-10-22,LQD,SELL,4518.0,112.55
2025-10-22,MU,BUY,235.0,202.25
2025-10-23,GOOG,SELL,0.0,253.7
2025-10-23,AMD,BUY,149.0,230.16
2025-10-23,DIA,SELL,474.0,465.55
2025-10-23,GOOGL,BUY,367.0,252.98
2025-10-23,HYG,SELL,7301.0,80.7
2025-10-23,LQD,SELL,4584.0,112.52
2025-10-23,MU,BUY,240.0,196.7
2025-10-24,GOOGL,SELL,0.0,256.58
2025-10-24,HYG,BUY,0.0,81.03
2025-10-24,AMD,BUY,149.0,243.36
2025-10-24,DIA,SELL,479.0,470.02
2025-10-24,GOOG,BUY,378.0,257.3
2025-10-24,LQD,SELL,4639.0,112.78
2025-10-24,MU,BUY,231.0,212.39
2025-10-24,WMT,SELL,1101.0,107.07
2025-10-27,GOOG,SELL,0.0,265.36
2025-10-27,WMT,BUY,0.0,106.34
2025-10-27,AMD,BUY,136.0,257.88
2025-10-27,DIA,SELL,468.0,474.76
2025-10-27,GOOGL,BUY,356.0,264.82
2025-10-27,LQD,SELL,4693.0,112.71
2025-10-27,MU,BUY,214.0,224.81
2025-10-27,SPY,SELL,299.0,682.73
2025-10-28,GOOGL,SELL,0.0,269.69
2025-10-28,AMD,BUY,134.0,259.14
2025-10-28,DIA,SELL,468.0,478.8
2025-10-28,GOOG,BUY,337.0,270.2
2025-10-28,LQD,SELL,4748.0,112.85
2025-10-28,MU,BUY,217.0,218.93
2025-10-28,SPY,SELL,292.0,687.05
2025-10-29,AMD,BUY,137.0,264.19
2025-10-29,DIA,SELL,472.0,478.65
2025-10-29,GOOG,BUY,343.0,268.61
2025-10-29,LQD,SELL,4822.0,112.86
2025-10-29,MU,BUY,218.0,229.06
2025-10-29,SPY,SELL,296.0,688.72
2025-10-30,LQD,BUY,0.0,111.62
2025-10-30,AMD,BUY,136.0,259.92
2025-10-30,DIA,SELL,479.0,474.1
2025-10-30,GOOG,BUY,332.0,291.72
2025-10-30,IVV,SELL,301.0,687.25
2025-10-30,MU,BUY,217.0,226.1
2025-10-30,SPY,SELL,300.0,683.9
2025-10-31,IVV,BUY,0.0,688.4
2025-10-31,SPY,BUY,0.0,685.04
2025-10-31,AMD,BUY,140.0,259.6
2025-10-31,DIA,SELL,486.0,475.86
2025-10-31,GOOG,BUY,324.0,283.21
2025-10-31,HYG,SELL,7445.0,80.89
2025-10-31,LQD,SELL,4460.0,111.78
2025-10-31,MU,BUY,221.0,227.75
2025-11-03,GOOG,SELL,0.0,282.42
2025-11-03,HYG,BUY,0.0,80.39
2025-11-03,AMD,BUY,142.0,259.33
2025-11-03,DIA,SELL,493.0,476.16
2025-11-03,GOOGL,BUY,321.0,282.18
2025-11-03,LQD,SELL,4427.0,110.59
2025-11-03,MSFT,SELL,263.0,519.8
2025-11-03,MU,BUY,224.0,233.88
2025-11-04,GOOGL,SELL,0.0,276.75
2025-11-04,LQD,BUY,0.0,110.46
2025-11-04,AMD,BUY,142.0,250.35
2025-11-04,DIA,SELL,497.0,470.42
2025-11-04,MSFT,SELL,268.0,511.76
2025-11-04,MU,BUY,212.0,222.14
2025-11-04,SPY,SELL,303.0,676.11
2025-11-04,UNH,BUY,205.0,327.63
2025-11-05,MSFT,BUY,0.0,513.3
2025-11-05,AMD,BUY,147.0,243.24
2025-11-05,DIA,SELL,501.0,470.8
2025-11-05,LQD,SELL,4316.0,110.65
2025-11-05,MU,BUY,210.0,225.67
2025-11-05,SPY,SELL,298.0,674.98
2025-11-05,UNH,BUY,210.0,326.3
2025-11-06,AMD,BUY,145.0,253.47
2025-11-06,DIA,SELL,504.0,472.09
2025-11-06,LQD,SELL,4347.0,110.8
2025-11-06,MU,BUY,182.0,237.84
2025-11-06,SPY,SELL,301.0,676.47
2025-11-06,UNH,BUY,215.0,328.92
2025-11-07,UNH,SELL,0.0,319.65
2025-11-07,LQD,BUY,0.0,110.65
2025-11-07,AMD,BUY,150.0,230.94
2025-11-07,DIA,SELL,501.0,468.28
2025-11-07,GOOG,BUY,325.0,284.21
2025-11-07,IVV,SELL,300.0,671.2
2025-11-07,MU,BUY,184.0,234.03
2025-11-07,SPY,SELL,299.0,667.91
2025-11-10,AMD,SELL,0.0,242.14
2025-11-10,DIA,SELL,509.0,471.9
2025-11-10,GOOG,BUY,326.0,285.27
2025-11-10,GOOGL,BUY,319.0,284.42
2025-11-10,IVV,SELL,304.0,680.6
2025-11-10,MU,BUY,187.0,247.96
2025-11-10,SPY,SELL,303.0,677.24
2025-11-11,DIA,SELL,501.0,474.26
2025-11-11,GOOG,BUY,301.0,288.2
2025-11-11,GOOGL,BUY,294.0,287.75
2025-11-11,IVV,SELL,288.0,683.3
2025-11-11,MU,BUY,172.0,248.34
2025-11-11,SPY,SELL,287.0,679.95
2025-11-12,DIA,SELL,483.0,480.49
2025-11-12,GOOG,BUY,305.0,292.08
2025-11-12,GOOGL,BUY,297.0,291.68
2025-11-12,IVV,SELL,292.0,688.16
2025-11-12,MU,BUY,176.0,244.9
2025-11-12,SPY,SELL,291.0,684.79
2025-11-13,GOOGL,SELL,0.0,282.34
2025-11-13,DIA,BUY,0.0,481.4
2025-11-13,AMD,BUY,136.0,251.9
2025-11-13,GOOG,BUY,308.0,282.99
2025-11-13,IVV,SELL,296.0,683.86
2025-11-13,MU,BUY,176.0,243.6
2025-11-13,QQQ,SELL,233.0,617.54
2025-11-13,SPY,SELL,295.0,680.5
2025-11-14,GOOG,SELL,0.0,271.9
2025-11-14,QQQ,BUY,0.0,599.55
2025-11-14,AMD,BUY,141.0,240.11
2025-11-14,DIA,SELL,449.0,471.38
2025-11-14,GOOGL,BUY,298.0,271.4
2025-11-14,IVV,SELL,284.0,668.7
2025-11-14,MU,BUY,181.0,231.45
2025-11-14,SPY,SELL,282.0,665.38
2025-11-17,GOOGL,SELL,0.0,285.77
2025-11-17,AMD,BUY,144.0,242.75
2025-11-17,DIA,SELL,453.0,470.87
2025-11-17,GOOG,BUY,310.0,286.4
2025-11-17,IVV,SELL,289.0,672.99
2025-11-17,MU,BUY,174.0,246.92
2025-11-17,SPY,SELL,287.0,669.7
2025-11-18,AMD,BUY,149.0,236.78
2025-11-18,DIA,SELL,446.0,462.17
2025-11-18,GOOG,BUY,295.0,288.49
2025-11-18,IVV,SELL,289.0,665.34
2025-11-18,MU,BUY,179.0,235.48
2025-11-18,SPY,SELL,288.0,662.1
2025-11-19,GOOG,SELL,0.0,287.69
2025-11-19,DIA,BUY,0.0,461.51
2025-11-19,AMD,BUY,155.0,230.26
2025-11-19,GOOGL,BUY,294.0,287.16
2025-11-19,IVV,SELL,291.0,664.01
2025-11-19,MU,BUY,183.0,226.91
2025-11-19,SPY,SELL,290.0,660.78
2025-11-19,XOM,SELL,1148.0,116.85
2025-11-20,GOOGL,SELL,0.0,304.54
2025-11-20,IVV,BUY,0.0,676.26
2025-11-20,AMD,BUY,161.0,232.7
2025-11-20,DIA,SELL,450.0,466.64
2025-11-20,GOOG,BUY,289.0,304.74
2025-11-20,MU,BUY,187.0,230.24
2025-11-20,SPY,SELL,292.0,672.91
2025-11-20,XOM,SELL,1150.0,117.98
2025-11-21,AMD,BUY,168.0,208.81
2025-11-21,DIA,SELL,453.0,459.54
2025-11-21,GOOG,BUY,293.0,296.87
2025-11-21,MU,BUY,185.0,204.53
2025-11-21,SPY,SELL,286.0,655.05
2025-11-21,XOM,SELL,1170.0,116.99
2025-11-24,GOOG,SELL,0.0,311.01
2025-11-24,SPY,BUY,0.0,662.69
2025-11-24,AMD,BUY,172.0,207.16
2025-11-24,DIA,SELL,444.0,463.75
2025-11-24,GOOGL,BUY,271.0,311.13
2025-11-24,JPM,SELL,421.0,298.24
2025-11-24,MU,BUY,181.0,213.41
2025-11-24,XOM,SELL,1188.0,117.2
2025-11-25,GOOGL,SELL,0.0,326.21
2025-11-25,JPM,BUY,0.0,300.05
2025-11-25,DIA,BUY,0.0,465.58
2025-11-25,AMD,BUY,162.0,201.48
2025-11-25,GOOG,BUY,236.0,326.8
2025-11-25,IVV,SELL,269.0,671.95
2025-11-25,MU,BUY,163.0,219.22
2025-11-25,SPY,SELL,269.0,668.63
2025-11-25,XOM,SELL,1203.0,115.18
2025-11-26,AMD,SELL,0.0,210.05
2025-11-26,XOM,BUY,0.0,114.41
2025-11-26,DIA,SELL,425.0,472.2
2025-11-26,GOOG,BUY,235.0,320.78
2025-11-26,GOOGL,BUY,230.0,320.68
2025-11-26,IVV,SELL,267.0,680.96
2025-11-26,MU,BUY,165.0,229.62
2025-11-26,SPY,SELL,266.0,677.63
2025-11-28,DIA,SELL,424.0,474.82
2025-11-28,GOOG,BUY,238.0,323.43
2025-11-28,GOOGL,BUY,233.0,323.37
2025-11-28,IVV,SELL,267.0,684.22
2025-11-28,MU,BUY,163.0,235.62
2025-11-28,SPY,SELL,266.0,680.86
2025-12-01,GOOG,SELL,0.0,317.48
2025-12-01,AMD,BUY,163.0,213.88
2025-12-01,DIA,SELL,426.0,474.34
2025-12-01,GOOGL,BUY,237.0,317.7
2025-12-01,IVV,SELL,268.0,682.2
2025-12-01,MU,BUY,160.0,232.29
2025-12-01,SPY,SELL,268.0,678.81
2025-12-02,AMD,BUY,164.0,221.79
2025-12-02,DIA,SELL,427.0,474.21
2025-12-02,GOOGL,BUY,240.0,316.74
2025-12-02,IVV,SELL,272.0,685.3
2025-12-02,MU,BUY,160.0,238.75
2025-12-02,SPY,SELL,272.0,681.92
2025-12-03,GOOGL,SELL,0.0,315.89
2025-12-03,AMD,BUY,170.0,216.26
2025-12-03,DIA,SELL,431.0,474.83
2025-12-03,GOOG,BUY,248.0,316.03
2025-12-03,IVV,SELL,276.0,684.0
2025-12-03,MU,BUY,163.0,236.39
2025-12-03,SPY,SELL,275.0,680.57
2025-12-04,AMD,BUY,170.0,216.88
2025-12-04,DIA,SELL,427.0,479.71
2025-12-04,GOOG,BUY,248.0,323.05
2025-12-04,IVV,SELL,279.0,688.69
2025-12-04,MU,BUY,168.0,230.28
2025-12-04,SPY,SELL,278.0,685.3
2025-12-05,AMD,BUY,174.0,217.17
2025-12-05,DIA,SELL,433.0,479.48
2025-12-05,GOOG,BUY,252.0,320.0
2025-12-05,IVV,SELL,283.0,688.89
2025-12-05,MU,BUY,174.0,228.95
2025-12-05,SPY,SELL,283.0,685.47
2025-12-08,AMD,BUY,175.0,219.09
2025-12-08,DIA,SELL,439.0,480.49
2025-12-08,GOOG,BUY,252.0,321.03
2025-12-08,IVV,SELL,287.0,690.04
2025-12-08,MU,BUY,166.0,243.49
2025-12-08,SPY,SELL,287.0,686.59
2025-12-09,AMD,BUY,175.0,221.04
2025-12-09,DIA,SELL,445.0,478.07
2025-12-09,GOOG,BUY,253.0,313.1
2025-12-09,IVV,SELL,291.0,686.61
2025-12-09,MU,BUY,160.0,244.49
2025-12-09,SPY,SELL,291.0,683.15
2025-12-10,DIA,BUY,0.0,476.13
2025-12-10,AMD,BUY,178.0,222.0
2025-12-10,GOOG,BUY,254.0,316.62
2025-12-10,IVV,SELL,296.0,685.97
2025-12-10,IWM,SELL,487.0,250.9
2025-12-10,MU,BUY,159.0,255.13
2025-12-10,SPY,SELL,296.0,682.56
2025-12-11,IVV,BUY,0.0,688.57
2025-12-11,AMD,BUY,181.0,217.81
2025-12-11,DIA,SELL,442.0,482.2
2025-12-11,GOOG,BUY,256.0,321.1
2025-12-11,IWM,SELL,481.0,254.64
2025-12-11,MU,BUY,152.0,261.53
2025-12-11,SPY,SELL,296.0,685.14
2025-12-12,IWM,BUY,0.0,257.95
2025-12-12,AMD,BUY,184.0,218.37
2025-12-12,DIA,SELL,424.0,488.7
2025-12-12,GOOG,BUY,257.0,314.8
2025-12-12,IVV,SELL,300.0,691.64
2025-12-12,MU,BUY,157.0,255.67
2025-12-12,SPY,SELL,300.0,688.17
2025-12-15,DIA,BUY,0.0,487.58
2025-12-15,AMD,BUY,191.0,212.28
2025-12-15,GOOG,BUY,262.0,312.63
2025-12-15,IVV,SELL,297.0,689.19
2025-12-15,MU,BUY,161.0,247.11
2025-12-15,QQQ,SELL,236.0,618.37
2025-12-15,SPY,SELL,297.0,685.74
2025-12-16,QQQ,BUY,0.0,608.26
2025-12-16,AMD,BUY,196.0,206.92
2025-12-16,DIA,SELL,435.0,484.46
2025-12-16,GOOG,BUY,266.0,306.0
2025-12-16,IVV,SELL,302.0,680.19
2025-12-16,MU,BUY,165.0,235.8
2025-12-16,SPY,SELL,301.0,679.23
2025-12-17,GOOG,SELL,0.0,309.01
2025-12-17,AMD,BUY,198.0,210.04
2025-12-17,DIA,SELL,438.0,482.81
2025-12-17,GOOGL,BUY,267.0,308.01
2025-12-17,IVV,SELL,305.0,680.9
2025-12-17,MU,BUY,170.0,236.56
2025-12-17,SPY,SELL,306.0,679.89
2025-12-18,GOOGL,SELL,0.0,301.72
2025-12-18,IVV,BUY,0.0,678.57
2025-12-18,AMD,BUY,206.0,203.82
2025-12-18,DIA,SELL,443.0,482.18
2025-12-18,MU,BUY,176.0,256.53
2025-12-18,NFLX,BUY,747.0,95.02
2025-12-18,QQQ,SELL,240.0,609.8
2025-12-18,SPY,SELL,304.0,677.6
2025-12-19,QQQ,BUY,0.0,611.95
2025-12-19,AMD,BUY,205.0,204.6
2025-12-19,DIA,SELL,449.0,480.62
2025-12-19,IVV,SELL,301.0,679.58
2025-12-19,MU,BUY,150.0,251.75
2025-12-19,NFLX,BUY,765.0,93.57
2025-12-19,SPY,SELL,302.0,676.59
2025-12-22,NFLX,SELL,0.0,94.71
2025-12-22,AMD,BUY,189.0,220.0
2025-12-22,DIA,SELL,456.0,481.86
2025-12-22,GOOG,BUY,264.0,311.23
2025-12-22,IVV,SELL,297.0,686.93
2025-12-22,MU,BUY,138.0,277.15
2025-12-22,SPY,SELL,302.0,683.94
2025-12-23,AMD,BUY,191.0,212.86
2025-12-23,DIA,SELL,459.0,482.18
2025-12-23,GOOG,BUY,265.0,311.14
2025-12-23,IVV,SELL,297.0,686.92
2025-12-23,MU,BUY,133.0,275.92
2025-12-23,SPY,SELL,302.0,683.92
2025-12-24,GOOG,SELL,0.0,316.15
2025-12-24,AMD,BUY,194.0,214.98
2025-12-24,DIA,SELL,465.0,484.19
2025-12-24,GOOGL,BUY,261.0,314.77
2025-12-24,IVV,SELL,299.0,690.97
2025-12-24,MU,BUY,135.0,278.0
2025-12-24,SPY,SELL,305.0,687.95
2025-12-26,GOOGL,SELL,0.0,314.48
2025-12-26,AMD,BUY,197.0,215.43
2025-12-26,DIA,SELL,466.0,486.84
2025-12-26,GOOG,BUY,269.0,315.92
2025-12-26,IVV,SELL,302.0,693.68
2025-12-26,MU,BUY,132.0,290.83
2025-12-26,SPY,SELL,308.0,690.64
2025-12-29,AMD,BUY,200.0,211.58
2025-12-29,DIA,SELL,474.0,485.89
2025-12-29,GOOG,BUY,273.0,312.82
2025-12-29,IVV,SELL,307.0,690.56
2025-12-29,MU,BUY,134.0,280.33
2025-12-29,SPY,SELL,313.0,687.54
2025-12-30,AMD,BUY,202.0,215.87
2025-12-30,DIA,SELL,478.0,484.62
2025-12-30,GOOG,BUY,278.0,313.41
2025-12-30,IVV,SELL,312.0,690.46
2025-12-30,MU,BUY,131.0,294.7
2025-12-30,SPY,SELL,317.0,687.45
2025-12-31,AMD,BUY,206.0,215.82
2025-12-31,DIA,SELL,485.0,483.65
2025-12-31,GOOG,BUY,282.0,313.37
2025-12-31,IVV,SELL,317.0,690.17
2025-12-31,MU,BUY,134.0,293.17
2025-12-31,SPY,SELL,322.0,687.14
2026-01-02,IVV,BUY,0.0,688.74
2026-01-02,AMD,BUY,210.0,218.9
2026-01-02,DIA,SELL,487.0,481.85
2026-01-02,GOOG,BUY,287.0,317.59
2026-01-02,MU,BUY,138.0,295.13
2026-01-02,SPY,SELL,323.0,685.71
2026-01-02,XOM,SELL,1156.0,120.09
2026-01-05,XOM,BUY,0.0,125.21
2026-01-05,AMD,BUY,200.0,230.25
2026-01-05,DIA,SELL,486.0,484.41
2026-01-05,GOOG,BUY,290.0,317.7
2026-01-05,IVV,SELL,322.0,689.59
2026-01-05,MU,BUY,117.0,325.13
2026-01-05,SPY,SELL,327.0,686.54
2026-01-06,GOOG,SELL,0.0,317.31
2026-01-06,AMD,BUY,205.0,222.71
2026-01-06,DIA,SELL,465.0,489.33
2026-01-06,GOOGL,BUY,288.0,316.4
2026-01-06,IVV,SELL,321.0,690.98
2026-01-06,MU,BUY,120.0,318.28
2026-01-06,SPY,SELL,326.0,687.93
2026-01-07,AMD,SELL,0.0,212.13
2026-01-07,DIA,SELL,456.0,495.65
2026-01-07,GOOG,BUY,297.0,314.57
2026-01-07,GOOGL,BUY,293.0,314.36
2026-01-07,IVV,SELL,322.0,695.25
2026-01-07,MU,BUY,104.0,340.71
2026-01-07,SPY,SELL,327.0,692.19
2026-01-08,DIA,SELL,451.0,487.81
2026-01-08,GOOG,BUY,287.0,329.27
2026-01-08,GOOGL,BUY,284.0,328.97
2026-01-08,IVV,SELL,326.0,691.84
2026-01-08,MU,BUY,107.0,342.9
2026-01-08,SPY,SELL,331.0,688.82
2026-01-09,GOOGL,SELL,0.0,327.09
2026-01-09,AMD,BUY,226.0,205.72
2026-01-09,DIA,SELL,454.0,492.86
2026-01-09,GOOG,BUY,288.0,327.49
2026-01-09,IVV,SELL,332.0,693.67
2026-01-09,MU,BUY,110.0,332.75
2026-01-09,SPY,SELL,337.0,690.63
